{
  "Group": {
    "LocationList": {
      "Location": [
        {
          "Name": "Vancouver",
          "NextClosestLocation": {
            "Name": "Regina",
            "Distance": 1767.7,
            "AvgSpeed": 110
          }
        },
        {
          "Name": "Regina",
          "NextClosestLocation": {
            "Name": "Vancouver",
            "Distance": 1767.7,
            "AvgSpeed": 110
          }
        },
        {
          "Name": "Ottawa",
          "NextClosestLocation": {
            "Name": "Regina",
            "Distance": 2721.4,
            "AvgSpeed": 110
          }
        }
      ]
    },
    "TruckList": {
      "Truck": [
        {
          "UnitNumber": 1001,
          "Trailer": 2001
        },
        {
          "UnitNumber": 1002,
          "Trailer": 2002,
          "TailTrailer": 3002
        },
        {
          "UnitNumber": 1003,
          "Trailer": 2003
        }
      ]
    },
    "EmployeeList": {
      "Employee": [
        {
          "BTrainDriver": false,
          "id": 100253,
          "Name": "John Doe"
        },
        {
          "BTrainDriver": true,
          "id": 100267,
          "Name": "Jane Doe"
        },
        {
          "BTrainDriver": true,
          "id": 100101,
          "Name": "Jeremiah Smith"
        }
      ]
    }
  }
}